Slot,Days,Start,End
MWF-0830,MWF,08:30,09:20
MWF-0935,MWF,09:35,10:25
MWF-1040,MWF,10:40,11:30
MWF-1145,MWF,11:45,12:35
MWF-1250,MWF,12:50,13:40
MWF-1355,MWF,13:55,14:45
MWF-1500,MWF,15:00,15:50
MWF-1605,MWF,16:05,16:55
TTH-0830,TTH,08:30,09:45
TTH-1000,TTH,10:00,11:15
TTH-1130,TTH,11:30,12:45
TTH-1300,TTH,13:00,14:15
TTH-1430,TTH,14:30,15:45
TTH-1600,TTH,16:00,17:15
